USED,10
CROW,3
OURS,6
RIOT,4
SIZE,6
NEON,4
BASH,5
WEAK,6
VICE,6
LOON,2
SHOP,3
ALUM,5
CLAN,4
LUCK,4
DIPS,5
ILLS,8
WARY,6
THEM,7
TOWN,4
HACK,4
TOPS,4
HOST,3
PAGE,5
RUSH,6
PIPE,4
JIGS,5
LIED,5
STEM,5
SOUL,4
KINK,6
MOJO,6
SAND,6
MEEK,5
FEST,5
CARS,5
UTES,9
BURL,5
FLEW,4
SUED,5
CUSP,6
VEAL,6
SLAY,4
SNUG,5
BAIT,6
RIFE,6
PAWS,5
TUNE,5
WICK,5
SUMS,4
SEND,6
HUGS,5
CLIP,3
DING,6
ORCS,6
KNEE,7
BOOM,2
RATS,5
WANG,6
PITY,6
SHOT,4
BUSH,6
FART,5
LOGS,3
SILT,5
KNEW,6
FACE,6
WATT,6
CAKE,5
HOME,3
CRED,5
DESK,6
WORE,4
VETO,6
ORGY,6
LOSE,4
FOUR,3
TOAD,4
DORK,4
SURF,6
IDEA,8
PICS,6
GALE,5
STEP,4
SLOT,3
PANS,5
NONE,5
GLUT,5
OPUS,7
YUCK,5
TORN,4
DOVE,4
NOOK,3
GIFT,5
HOLD,3
BATS,4
NAME,5
DISS,6
AGAR,9
MEAD,6
TIDE,5
NICK,5
MOLE,4
NEXT,6
VERS,6
ALLY,8
DREW,5
TRIO,5
ROUX,5
LABS,4
DIES,5
TALL,4
VOID,5
WEAR,5
SALT,5
BOOS,2
LOGO,4
TWAS,7
CHEF,5
DEED,5
WINE,6
BIRD,6
RIDE,6
CURT,5
JUKE,5
BURR,5
BINS,4
MASS,5
WEEK,5
GAYS,5
FOLD,4
AGED,7
NINE,6
WINK,5
ASKS,8
CHEW,4
GARB,6
NANO,6
SAVE,5
WAND,6
MONO,5
GEEK,5
PYRO,5
GAGS,5
MEAT,5
POEM,5
WILD,5
FURL,5
CRAY,4
SAWS,5
ACES,8
TACO,6
SMUG,5
TWIN,6
RICE,6
AMEN,9
GIGA,6
BAHT,6
PUMA,3
HISS,5
FALL,4
DRAW,5
TAKE,5
DONE,4
FRAT,5
ANTI,8
OVEN,8
DEMO,7
BITE,5
TRIM,4
AIRY,7
ABLY,9
BABY,7
LAZY,6
KEEN,5
SELL,5
DOSE,4
NAYS,5
CHAP,3
CAMP,3
HATE,6
VIEW,6
AMID,7
PIED,4
VOWS,4
GOLF,3
BEST,5
IBIS,6
PITA,6
VEIN,6
TAME,4
XRAY,5
TOTE,4
SEAL,6
DUMP,3
PLEA,4
MICE,6
SCAR,5
OPTS,6
FIST,5
STAR,5
JIZZ,9
JOSS,4
SOAK,5
WILT,5
CROP,2
TALE,5
JOIN,4
THAT,5
RUIN,6
GREY,4
RINK,6
LURE,5
LAWS,4
NOEL,6
WIRE,5
MUSE,6
BOCK,3
TERM,6
MOON,3
CLAW,4
BEND,5
TIRE,5
SHES,6
SEED,5
GELD,4
DENY,6
BOOB,2
FEUD,6
ALES,7
PARE,4
SPAS,6
LAMB,5
FITS,5
VERY,7
TAXI,8
CAME,4
VASE,6
GASP,5
LAKE,6
MORE,4
OATS,5
CURB,6
HALT,4
SCUM,6
INCH,10
SKIM,5
GULL,4
FOUL,3
DEEM,5
SOCK,4
WAKE,5
SUIT,5
PUNT,5
DIAL,5
BOAR,3
CLAP,3
VANS,5
SANG,6
ROLL,3
SITH,6
FUCK,5
TARP,5
NEAT,5
DOOM,3
GAIT,6
JOSH,5
RIMS,5
FAKE,6
BOYS,3
WISP,4
TINY,6
HARP,5
SEWN,5
KEMP,5
RANK,5
CAPE,5
SLIP,3
RITZ,7
DARK,5
HAMS,5
DIRE,5
BRAN,5
HANK,4
POET,4
AVID,7
LIRE,5
ARMS,6
COTS,3
SIDE,6
HOUR,3
DUNK,5
HELP,5
HUSH,6
YOGA,6
SOUP,3
THIS,6
CAMO,4
SPOT,4
SPAR,5
ONLY,7
BONG,4
HEAP,5
LINK,5
COWS,3
FOWL,3
LOWS,3
EPIC,7
MERC,6
TORI,5
HUBS,5
ARID,6
DIME,4
FORK,4
VISE,6
PUFF,6
HOLY,4
SNIP,4
SOIL,4
TIFF,7
GEAR,5
GUST,5
FELL,5
FINS,5
REPS,6
OUTS,5
BODE,4
MAGS,5
MUTT,5
SINE,6
BULB,5
LOAN,3
USES,9
HARM,6
EATS,5
DEFY,6
DICK,5
CORD,4
BANE,5
GUYS,5
NUKE,5
AGES,8
VAMP,4
VOTE,5
TRUE,7
MUGS,5
FLAT,4
MAID,6
BLAH,5
DOCS,5
YALE,5
DAMS,5
NEWS,5
WOLF,3
OARS,6
JERK,6
CORN,4
SAFE,5
BOBS,3
MEET,6
PIKE,4
NODE,5
ROTE,5
OWLS,8
HAIR,6
BALL,4
CHIP,3
MERE,5
PAIR,5
LIDS,5
TAPS,5
LOCK,3
RAGS,5
TONE,4
DIRT,6
LEND,6
LADS,5
PREP,2
MUSK,6
FOOL,2
DYES,5
BORE,4
HOSS,4
CAST,4
WEBS,6
UNIS,7
DOES,4
FOOT,3
SLAP,3
GRUB,6
KILL,4
MUFF,6
CUPS,4
COIL,3
INKS,6
CANT,5
REGS,5
BEAT,4
ENDS,7
DRAG,5
LOBE,4
AXEL,8
JOCK,4
KITE,6
LEVY,8
BUST,5
MADE,6
PREZ,3
HOOK,2
YARN,5
BEEP,4
HOOT,2
BECK,4
SHIP,4
BUDS,4
BALM,5
TIPS,5
FEAR,5
CAMI,4
POPE,3
DAWN,5
HUNT,5
HALF,5
HONE,4
LIFE,5
COVE,4
JIVE,6
NILS,6
SHIT,5
SPAT,5
ELAN,4
PAWN,5
CARE,5
ZOOM,3
GOSS,4
SNOW,4
WENT,6
ORES,6
PALE,4
MARK,6
DINE,5
SIGN,8
RISE,5
YEAH,6
NUFF,6
JACK,5
FADE,6
HIVE,6
COLD,4
SLUM,5
NOUN,4
COAX,4
KHAN,5
COPE,4
LARK,5
PALS,4
TOTS,4
POOP,0
RENT,6
VISA,7
STIR,6
RIFT,5
TANG,6
GALL,4
PATE,5
MANA,6
WIND,6
MAXI,7
DONS,4
ITCH,9
PODS,4
TONS,4
FARM,6
SHAG,5
WELL,5
THAW,5
BADE,5
COMA,3
POGO,4
FUSE,6
ABLE,10
GERM,6
HARD,6
DUAL,5
BLOW,3
CATS,4
BLOC,4
NETS,5
OOPS,4
ELSE,7
EAST,5
RITE,6
WELD,5
DEAL,5
DOME,3
MOSS,4
HOSE,4
MICS,6
ROMP,2
CITY,6
OILY,6
EELS,6
BEET,5
WOES,4
GAGE,6
PIMP,2
HART,5
MUON,4
FUNK,5
LEES,5
HILL,4
RIPE,5
TAIL,4
DICE,5
BLOT,3
READ,5
GUNS,6
APES,7
HUNK,4
BARE,5
LEST,4
YOKE,4
MIND,6
HOES,4
MESA,6
LACY,5
MALT,5
WHEY,6
TOIL,3
DOJO,7
TONK,4
SPUR,4
SEAT,5
TYRE,5
COCK,3
ROSY,5
POKE,3
DRUM,5
BOOT,2
HULA,5
ATOP,4
BATH,5
KILT,5
UREA,9
POSE,3
FATE,6
GELS,5
LUSH,5
WORK,4
WART,6
LENT,5
MAMA,6
FACT,6
HOLE,4
RUFF,6
BOUT,3
MISS,5
SHAW,5
SPUN,5
PALI,4
CABS,4
DUMB,4
OWNS,8
GROW,3
BLUR,5
CHIC,4
BARB,5
TART,5
RAIL,5
BLOG,4
GENE,6
FLAK,4
PRAM,3
BEAR,4
GNAT,5
HALL,4
LARD,6
SPEC,6
TREK,7
LACE,5
YEAR,5
BRED,5
PARK,5
HEAD,5
PROF,2
DIRK,5
PUMP,2
NUNS,6
SLUG,4
FLAG,4
VEIL,7
SHIM,5
LIBS,4
MODS,4
MACK,5
DOLE,4
GRAD,4
JUMP,3
LUTE,5
WHOA,7
CUBE,5
GRID,5
ROWS,4
BELL,4
REAM,5
PEGS,5
HARE,5
DEAF,6
HOWL,4
MINE,6
FEAT,5
DAYS,5
VAST,5
DRAB,5
BETS,4
GULF,4
NOON,3
SOLO,4
DIET,6
KNOB,5
SKIT,5
ROOF,2
RICH,6
CHAR,4
DATA,6
VILE,5
HIRE,6
DOTS,4
VANE,6
DEER,4
PHAT,4
TYPO,7
NECK,5
MEWS,5
HOBS,4
BRAS,4
POOR,1
BUMP,3
RANT,6
FILE,5
TIME,4
MAYO,7
CUTS,4
FORM,5
KALE,5
COSY,4
HERB,6
SWAT,5
HEME,4
MUMS,5
DYED,5
PECK,5
MEAN,5
LAND,6
SAME,4
HATS,5
COOS,2
TINT,6
HOOD,2
WINS,5
BAUD,6
STAG,5
BULK,5
FINE,6
VIVE,6
LUGE,5
SURE,5
SONS,4
EARN,5
TUFF,6
MOAN,4
ROCK,4
MEND,6
HERS,6
PUSS,6
SLID,4
SACK,5
MALE,5
WHOM,6
ACRE,9
EARL,6
BUOY,6
GATE,6
TEMP,5
RENO,7
SUCK,5
PACE,5
HINT,5
HAZY,7
SOFA,5
BASS,4
HUNG,5
DOGS,4
BORN,3
LAVA,6
PEEK,4
TORT,4
NEWT,6
BANG,5
JAWS,5
PALL,3
SIPS,5
EMMY,9
DAMP,4
RODS,4
BETA,5
JAZZ,8
ROUT,4
MINK,5
PUGS,5
TRIP,4
TICS,6
SCAM,5
KAVA,7
PAVE,5
HULL,4
RULE,5
TASK,6
KISS,6
LIKE,5
BROS,3
JARS,6
CAVE,5
MALL,4
AEON,5
WREN,7
BASE,5
PAST,5
COST,3
AIRS,6
WEIR,6
LIMO,4
DISK,6
MATH,6
PEER,4
FONT,4
BERG,6
FUZZ,8
DULL,4
HUFF,6
RECS,6
TEAS,6
MAPS,5
THEN,6
LADY,6
TERN,5
LISP,4
TOUR,3
TUBS,5
LAIN,4
WORM,5
KNIT,6
TACK,5
CARD,5
OVER,9
POLE,3
WIFE,6
PLAT,3
ETCH,8
TITS,5
BUGS,4
CASK,5
BARS,5
SEAR,5
PUNY,5
EACH,7
TOYS,4
GORE,4
HAZE,6
JEST,5
GOSH,5
SUMP,3
ONES,7
FAUX,6
GONE,5
PRIM,3
OOZE,5
SALE,5
LEER,5
DAZE,5
POSH,4
ZIPS,5
SORT,4
MIST,5
GEEZ,6
TINS,5
GOUT,4
CLOG,3
GETS,5
SWIM,5
GAVE,6
RANG,6
PADS,5
FLEE,4
WASP,5
MITT,5
GRIT,5
WARE,5
CART,5
VOLT,4
PUTT,6
MOST,4
COIN,4
PROG,2
DUTY,6
DIVE,5
WHEN,6
JUNK,5
LION,3
PEST,5
SIMP,3
MINI,6
STEW,5
SHAH,6
MASK,6
MARS,6
HIGH,8
GYNO,7
FLAP,3
PANG,6
SHAM,5
BODY,4
COPY,4
SHOW,4
NICE,6
BLUE,5
ANON,6
PRAY,4
POUR,2
PEEL,4
WOMB,4
FOIL,3
ICED,7
LIEU,5
WANT,6
INNS,5
REAL,6
HUES,5
THUS,7
GLEE,5
MASH,6
SANE,5
DOOR,2
WAIT,6
SKIN,5
SAGA,6
MEMO,6
RAFT,6
PONG,5
ANTS,7
BRAT,4
PUBS,5
CENT,6
YULE,6
FORA,5
TYPE,6
DAME,4
HOMO,4
ATOM,5
ICES,7
NORM,5
TOLL,3
FROM,3
LOST,3
OLDE,9
VINO,7
DARN,5
AHEM,8
HAWK,5
BOSS,3
WHIT,5
TATE,5
TURN,5
LANE,6
BRUT,4
DOCK,4
BOWL,4
BOLA,4
BUNK,4
FLED,4
CLAY,4
LOFT,3
ORGS,5
PACK,5
BORA,4
FIRM,6
ANEW,7
LINE,5
EVER,8
PEAS,5
SPIT,5
MOBY,5
LORD,5
HERD,5
DELI,5
HASH,6
WITS,5
BLOB,3
GAPS,5
FOLK,5
MAUL,5
SHED,5
PINK,6
WHIM,5
JAVA,7
EVEN,8
SING,6
DUES,5
BLEW,4
CRAM,4
MOPS,4
PEEP,3
IRIS,5
HOLM,4
KNOW,5
PROP,1
PAIN,5
CUES,5
EXEC,8
ZINE,6
ROVE,5
BILE,5
WHIZ,5
FOAL,3
HERE,5
BOLL,3
DECK,5
CURE,5
SHEA,6
LASH,5
FOOD,3
PARS,5
FILL,4
BOMB,3
CHAI,4
ROAM,4
HEAT,5
LIMA,4
ROBE,5
POOL,1
OWED,7
DINO,6
MANY,6
BIBS,4
DEAN,5
POLL,2
SWAM,5
DUSK,6
TORE,4
BOWS,3
GLUE,5
BELT,4
CAFE,5
WEPT,6
DOWN,4
JADE,6
WOOF,2
TOOL,2
TOES,5
BEAD,5
REVS,6
DUNG,6
KATA,7
FURS,6
POPS,4
SLAB,4
AIDE,6
MELT,5
SETS,5
VEGA,8
WAGE,6
PINA,6
SECS,6
SILO,5
REDS,5
PEAT,4
CREW,4
NANA,6
PACT,6
BEGS,4
VERB,7
CAGE,5
GUTS,5
DUCK,5
PATH,6
PORE,3
WORD,4
CODA,4
APEX,7
KIND,6
LAGS,4
SCAN,6
HOGS,4
AXLE,11
DRAM,4
COAT,3
CHAT,4
CHOP,2
SOME,3
LIFT,4
LIEN,4
DECO,6
TUBA,6
SIRE,5
FUSS,6
CAPS,4
BEAK,5
TOMS,4
GRAB,5
ALOE,4
ROAR,4
PINE,5
EGGS,5
BANK,4
EDDY,8
MUNI,7
TENS,5
FRET,6
CLAD,4
REAP,6
SARS,6
FAIL,4
TILE,5
MUST,5
FEED,5
HIDE,6
DROP,2
HAND,5
SWAB,5
RACK,5
EGOS,4
HOPS,4
COTE,4
SCAT,5
DUEL,5
GOAT,4
MEME,5
WORN,4
CRAP,3
MATE,6
AKIN,6
MULL,4
WING,6
HIKE,5
PENS,5
TUBE,6
NAPS,5
MONK,4
WISE,5
NEED,5
MIDI,7
BONE,4
GOAL,4
ARIA,7
NUDE,6
FURY,6
HIPS,5
LIME,4
SKIP,4
BUCK,4
FORE,4
FOES,5
QUID,7
DIFF,7
SEER,5
LYRA,6
SLOW,3
BANS,5
GOOD,2
BARD,5
AIMS,5
CALF,5
HYPE,5
MINT,6
FAME,5
FINK,6
PONT,4
APTS,7
BURG,5
GANG,6
AMPS,8
LEAK,5
NEST,5
BOAT,3
SLIT,4
FLOP,2
KILO,5
PONY,4
LOOK,2
TAPE,5
MUCK,5
WHAT,5
AXON,6
WARP,5
KEEP,4
ACER,8
KING,6
RIGS,5
HANG,5
SINK,6
TOOK,3
MIME,5
SNAG,5
NADA,7
RAGE,6
DEUS,6
IDES,7
HUCK,4
DUDE,6
COUP,2
RAMP,3
HUTS,5
SMUT,6
CULT,4
CUFF,6
JOYS,4
WERE,5
MAGE,6
DELL,4
CHIA,4
LUBE,5
SITS,5
BULL,4
CAMS,4
MEDS,5
SPAM,5
MARE,5
LINT,5
PUTS,5
COCA,4
SUNG,6
NAVY,7
NAVE,6
MIKE,5
LIES,5
BURY,5
CLUB,6
JUST,5
TSAR,6
HONS,4
BIOS,3
PASS,5
BARN,4
BUMS,4
MAZE,6
ZINC,7
ZOOS,3
QUAY,9
SEEN,5
PITS,5
TAXA,9
PROD,2
MOOD,3
PORT,4
WIGS,5
LEGS,4
SEAS,6
REDO,6
BURN,4
EASE,6
BOTS,3
PINT,5
ZEAL,6
MOOR,2
GAME,5
WISH,5
CORK,3
SAIL,5
MUSH,6
PISS,6
FANG,6
PURE,4
NAIL,5
PULA,4
ARCS,7
AXIS,9
THEY,7
JEAN,5
FELT,5
REST,5
WARD,5
BEAN,5
HULK,5
CONN,4
REFS,6
NOOB,3
GYMS,6
LOCI,4
MAIL,5
COMB,3
SOOT,3
GIRL,5
GREW,4
SAGE,5
LIMP,3
STUN,6
HEEL,5
THIN,5
JUGS,5
TECH,6
RAYS,5
TOLD,4
PLUG,5
CHIN,4
EDGY,7
SOAR,4
HURT,6
TOUT,4
ANTE,8
COOL,2
LIVE,5
QUIZ,7
CHOW,3
WILL,4
SUNS,5
CITE,5
WANK,5
RUNG,6
SODA,5
YARD,6
MANE,6
WELT,5
MAKE,6
CURL,5
FEND,5
COMP,2
LEAD,5
BEES,5
DEAD,6
WHIP,4
HOPE,4
AVER,9
REEL,5
MORN,4
MOMS,4
BREW,4
SLED,4
OMEN,8
SUCH,6
VEER,5
SIFT,5
COSH,4
GONG,5
VALE,5
LIMB,4
ARMY,7
VERT,6
BACK,4
OAKS,6
KICK,5
SOUR,3
FIAT,5
WONT,5
COPS,3
NOTE,5
RUGS,5
GIST,5
MISO,6
GLOB,3
CODE,4
BEER,5
NUMB,5
COZY,5
EDGE,8
MOBS,4
AREA,8
PULL,3
CHIT,4
NODS,4
SINS,5
VETS,5
FILM,5
APPS,8
PINS,5
LOAF,4
WEST,5
LOSS,3
CONS,3
BUFF,6
ERGO,5
LEEK,5
FARE,5
LAIR,5
SASH,6
RIPS,5
HELL,5
ROPE,4
SHIN,5
YOLK,6
NOSE,4
FRAY,5
RAID,5
SKID,5
HEED,4
CUTE,5
REIN,6
CLUE,5
GIVE,6
LUGS,4
PAIL,4
PAYS,5
DEBT,6
TEST,5
NIGH,8
COKE,4
TACT,6
TELL,4
FLUX,5
FLAX,4
WALK,5
SONG,5
BUYS,4
SOLE,4
POND,5
LICE,5
SUES,5
BABE,6
CLIT,4
NUTS,5
HUMP,3
URNS,8
BOOK,2
STAB,5
VENT,6
TEAL,5
TREE,6
MEAL,6
BIAS,4
FLEA,5
BALE,5
KILN,5
MYTH,6
HELD,4
JOKE,4
JAIL,5
MOTH,5
RODE,5
PAID,5
LOTS,3
DULY,5
NIPS,5
TEXT,6
RIAL,5
LAME,5
ZETA,6
BAKE,6
GUSH,6
LYME,5
ACID,7
WARN,5
SOAP,4
TING,6
GALA,5
TICK,5
DADS,5
KELP,5
OLDS,8
SACS,6
THAN,6
VAIN,5
OXEN,8
MILE,5
WORT,5
LAYS,5
SASS,5
MACH,6
SPIN,6
RIEL,5
SECT,6
FATS,5
YELL,5
SEXY,7
LUST,4
PETS,5
MECH,6
COED,4
TABS,5
MILK,5
MILD,5
UNIT,6
DIKE,5
BEEN,5
LOVE,5
MAST,5
FIZZ,9
KERN,6
ODDS,7
KIDS,5
TEAK,6
GAZE,6
CULL,4
BOOP,1
EARS,5
TROT,4
SOWN,4
HALE,5
GAIN,5
BUZZ,9
CALM,5
WEED,5
KITS,5
DATE,5
DEEP,4
PLOW,2
PORK,4
DONG,5
SEEK,5
LONG,5
STUD,6
LEFT,4
BYTE,6
QUAD,8
PEAR,5
BOLD,4
ROLE,4
PIES,5
BROW,3
TRAM,4
DAMN,5
GORY,5
ACNE,10
LIST,4
BAND,5
SHOE,4
BAGS,4
TOON,3
FAWN,6
YANK,5
RUSK,6
GRIP,4
SEES,5
FAIR,5
PICK,5
BURP,4
SLAM,4
RUTH,6
MATS,5
SOMA,4
WIPE,5
GILT,5
PUCK,5
REPO,7
FIRE,5
TONG,5
DIED,5
FUND,5
HEMP,4
BENT,5
GEMS,6
DUNE,5
RHEA,7
FOXY,6
BUNS,5
SOON,3
CANS,4
ROOK,3
FOCI,5
LAPS,4
TUNA,6
COOP,1
DYER,4
TAGS,5
PIGS,5
TOSS,4
PLAY,3
DART,6
OUCH,7
DUST,5
CASH,5
LIRA,5
BEEF,5
SWAP,4
VIAL,6
SHUT,5
BARK,5
BRAG,5
RAIN,5
PATS,5
BALD,5
LOOM,2
EASY,6
AGRO,8
DOPE,4
GLAM,4
TIER,6
YANG,6
FLEX,5
DIGS,5
PESO,6
DADA,6
MICA,7
FEET,6
GRIM,4
CELL,5
PLOY,2
RELY,7
FLAW,4
VIVA,7
JAMS,5
BILL,4
IONS,4
HEAR,5
POST,4
SPAN,6
GRAY,5
WAYS,5
YELP,6
BIKE,5
STUB,6
RISK,6
PUPS,5
REAR,5
AERO,7
SEAM,5
SLAG,4
DARE,5
FUME,6
RIBS,5
PALM,4
SILL,4
FIVE,6
FIND,5
CUBS,4
WARM,6
YOUR,3
TOMB,4
CANE,5
TRAP,4
CYST,4
GALS,5
HOOF,2
RAMS,4
COLT,3
ZEST,5
SNAP,4
ROAD,4
REEF,6
RIFF,6
FOAM,4
ARGH,9
PORN,4
WRIT,6
FERN,6
TIED,5
NEAR,5
POCO,4
DALE,5
ERAS,4
TUCK,5
PUKE,4
SAYS,5
MOLD,4
SOLD,4
MAGI,6
LIPS,4
HERO,6
SUBS,5
PAPA,5
BOLT,3
SICK,5
PEAK,5
RING,7
FORT,4
COLA,4
RATE,6
RACE,6
HENS,5
QUIT,6
LAWN,5
RUBS,5
LEAF,5
YOGI,7
SANS,5
BOND,4
PLOT,2
FOND,4
FRAG,4
FLUE,4
ZONE,5
BLED,4
RAPE,5
COAL,3
BIDS,4
BOBO,4
HOAX,5
PART,5
FIGS,5
TENT,6
TEES,5
NOPE,4
VARY,7
THEE,7
GRAN,5
SKEW,5
GYRO,6
HECK,4
MODE,5
LOUD,4
DOLL,3
BRIM,4
KEPT,6
CRUX,7
CONE,4
DORM,4
CIEL,6
TEND,6
TIDY,6
GLUG,5
HOOP,1
JEEZ,6
RUSE,5
DANG,6
PROS,2
LASS,4
WADE,6
VEST,5
OWES,7
SUMO,4
KART,6
PLAN,3
ROSE,4
TWIG,7
CAPO,5
VERA,7
FULL,4
MART,6
LEAN,4
LILY,6
SEEM,5
USER,10
OATH,6
PLUM,5
SIGH,7
META,6
WEEP,4
WAVY,7
GRAM,4
LUNG,6
TEAR,5
LAST,4
LOCO,4
GOWN,3
VIBE,6
GIGS,5
BEAM,5
CARP,4
YAWN,6
ALBA,8
CALL,4
TRAD,4
JAYS,5
FUEL,5
AFRO,8
ROOT,3
ADDS,6
CLOT,3
LOOT,2
LENS,5
ARTS,7
MENU,7
PILL,3
WRAP,4
TEEN,5
LACK,4
RAVE,6
HOLT,3
LETS,4
SITE,6
FISH,6
JESS,5
SILK,5
SWAN,5
MUCH,6
BAYS,4
CHUM,8
TRAY,5
TANK,5
SKIS,5
BRIG,4
JETS,5
MONS,4
FLIP,3
DISC,7
BITS,4
SLEW,4
PUNK,5
SERA,6
OFFS,7
GILL,4
LUMP,3
PING,6
SWAG,5
LONE,5
BAIL,5
HAVE,6
TURF,6
ITEM,6
BRAY,5
SWAY,5
DYKE,6
GLIB,4
STAT,5
RUDE,6
BEAU,5
PULP,3
RARE,5
CASE,5
NERD,6
LORE,4
FORD,4
HAUL,5
SELF,6
BIND,5
DILL,4
SENT,6
EYED,6
LAID,5
WICH,6
PIER,5
SLIM,4
PROM,2
GOLD,3
VIDS,5
MOAT,4
EYES,6
CORE,4
MITE,6
MANO,6
HAIL,5
BUSY,6
LEAP,5
TALK,5
MOCK,4
RUNS,5
ROOM,3
YEAS,6
SAKE,5
BOIL,4
ORCA,7
MILL,4
SORE,4
VINE,6
FIFE,6
HEIR,6
HORN,4
LICK,4
POLO,3
MANS,5
SARI,6
ACME,10
BONY,4
PANE,5
CRIB,5
WIDE,6
GIFS,6
GLEN,6
FEES,5
BOTH,4
JOLT,4
EROS,3
SOFT,4
DRUG,6
STOW,4
SANK,5
PILE,4
RASH,5
LOAM,3
DUCT,6
GLOW,3
FANS,5
LAMP,4
DRIP,3
PERM,5
BRIE,5
GNUS,8
HEAL,6
ZERO,7
LESS,4
REED,5
WALL,4
DAFT,6
DUKE,5
CRAB,4
GODS,4
FEEL,5
KEEL,5
LOCH,4
FAVE,6
MUSS,5
SIMS,4
PLUS,6
TIES,6
COOK,2
GRIN,5
FREE,5
GEES,5
HELM,5
TEAM,5
MUTE,6
WOOD,3
MOOT,3
FAST,5
THUG,8
MOVE,5
MESH,6
LITE,5
MESS,5
GOTH,5
STAY,5
RAKE,6
WITH,6
ACHE,10
POTS,4
DIVA,6
LOAD,4
FROG,3
TILL,4
LATS,4
TILT,5
RUNE,6
RUST,5
SAID,5
ARCH,8
AUNT,6
RUBY,6
COME,3
SHUN,6
SUNK,5
BEDS,4
DENT,6
BUTT,5
AFAR,10
KNOT,5
BOON,2
ANUS,7
PANT,5
RAND,6
ALAS,7
DUET,6
OPEN,7
JOBS,4
MACE,6
JINX,7
MAIN,5
KEYS,6
WAVE,6
GOES,5
ALPS,7
GUMS,5
ACTS,8
STOP,3
LOOP,1
SPED,5
AIDS,5
HITS,5
HUGE,6
CLAM,4
MULE,5
DISH,6
HALO,5
JURY,6
DEAR,5
NOES,5
POLY,3
OILS,7
PERT,5
WOKE,4
PUSH,5
CZAR,5
WHEW,5
LOIN,3
LAMA,5
NULL,4
WOOL,2
LATE,5
MEGA,7
DASH,6
MOTT,4
COLE,4
FLOW,3
WASH,6
TOME,3
SMOG,4
WHAM,5
PREY,3
AXES,8
AWAY,6
CYAN,5
WARS,6
GLAD,4
RIND,6
CARB,5
METH,6
